{"cameraMode":{"drawMode":0,"name":"Shaded","section":"Shading Mode"},"sceneLighting":false,"audioPlay":false,"sceneViewState":{"showFog":false,"showMaterialUpdate":false,"showSkybox":false,"showFlares":false,"showImageEffects":false,"showParticleSystems":false},"in2DMode":false,"pivot":{"x":0.08908838778734207,"y":-0.4954923391342163,"z":0.3836154043674469},"rotation":{"x":-0.5421841740608215,"y":0.0621318556368351,"z":-0.040248431265354159,"w":-0.8369945883750916},"size":1.4025001525878907,"orthographic":false}