{"cameraMode":{"drawMode":0,"name":"Shaded","section":"Shading Mode"},"sceneLighting":false,"audioPlay":false,"sceneViewState":{"showFog":false,"showMaterialUpdate":false,"showSkybox":false,"showFlares":false,"showImageEffects":false,"showParticleSystems":false},"in2DMode":false,"pivot":{"x":0.4778333604335785,"y":-0.03521943464875221,"z":0.5883774161338806},"rotation":{"x":-0.03449496626853943,"y":0.7390440702438355,"z":-0.037953417748212817,"w":-0.6717026233673096},"size":1.1149940490722657,"orthographic":false}