{"cameraMode":{"drawMode":0,"name":"Shaded","section":"Shading Mode"},"sceneLighting":true,"audioPlay":false,"sceneViewState":{"showFog":false,"showMaterialUpdate":false,"showSkybox":false,"showFlares":false,"showImageEffects":false,"showParticleSystems":false},"in2DMode":false,"pivot":{"x":1037.2945556640625,"y":455.0999450683594,"z":-1.578125},"rotation":{"x":0.009309330023825169,"y":-0.000004231493676343234,"z":3.097205762969679e-7,"w":0.9999584555625916},"size":1439.1947021484375,"orthographic":false}